{"cameraMode":{"drawMode":0,"name":"Shaded","section":"Shading Mode"},"sceneLighting":false,"audioPlay":false,"sceneViewState":{"m_AlwaysRefresh":false,"showFog":true,"showSkybox":false,"showFlares":true,"showImageEffects":true,"showParticleSystems":true,"showVisualEffectGraphs":true,"m_FxEnabled":true},"in2DMode":false,"pivot":{"x":-0.09007644653320313,"y":0.43076395988464358,"z":-0.16558265686035157},"rotation":{"x":-0.010339653119444847,"y":0.9874278903007507,"z":-0.0730142742395401,"w":-0.139854297041893},"size":13.299195289611817,"orthographic":false}