{"cameraMode":{"drawMode":0,"name":"Shaded","section":"Shading Mode"},"sceneLighting":false,"audioPlay":false,"sceneViewState":{"m_AlwaysRefresh":false,"showFog":true,"showSkybox":false,"showFlares":true,"showImageEffects":true,"showParticleSystems":true,"showVisualEffectGraphs":true,"m_FxEnabled":true},"in2DMode":false,"pivot":{"x":0.0012916475534439087,"y":-0.04344950616359711,"z":0.07212069630622864},"rotation":{"x":0.3013060986995697,"y":0.041404835879802707,"z":-0.013195820152759552,"w":0.9527305364608765},"size":0.3063594102859497,"orthographic":false}