{"cameraMode":{"drawMode":0,"name":"Shaded","section":"Shading Mode"},"sceneLighting":true,"audioPlay":false,"sceneViewState":{"m_AlwaysRefresh":false,"showFog":true,"showSkybox":false,"showFlares":true,"showImageEffects":true,"showParticleSystems":true,"showVisualEffectGraphs":true,"m_FxEnabled":true},"in2DMode":false,"pivot":{"x":-4.317293167114258,"y":1.0192197561264039,"z":18.456911087036134},"rotation":{"x":-0.14385950565338136,"y":0.6826775074005127,"z":-0.13893108069896699,"w":-0.7031317353248596},"size":1.3307020664215088,"orthographic":false}